--------------------------------------------------------
--  File created - Wednesday-November-08-2017   
--------------------------------------------------------
REM INSERTING into MKD.ADMIN_MASTER
SET DEFINE OFF;
Insert into MKD.ADMIN_MASTER (ADMIN_ID,PASS,UNAME) values (1,'mkd','mkd');
Insert into MKD.ADMIN_MASTER (ADMIN_ID,PASS,UNAME) values (21,'vsm','vsm');
REM INSERTING into MKD.CANTEEN_MASTER
SET DEFINE OFF;
Insert into MKD.CANTEEN_MASTER (CANTEEN_ID,WALLET1,OPEN_TIME,CLOSE_TIME,RATING,ORDER_LIMIT,PH_NO,UNAME,PASS,EMAIL,CANTEEN_NAME,FEEDBACK_COUNT) values (24,200,to_timestamp('06-11-17 09:00:08.000000000 AM','DD-MM-RR HH12:MI:SSXFF AM'),to_timestamp('06-11-17 10:00:08.000000000 PM','DD-MM-RR HH12:MI:SSXFF AM'),0,10,919876543210,'mkd','mkd','mkd@gmail.com','MKD Kitchen',0);
Insert into MKD.CANTEEN_MASTER (CANTEEN_ID,WALLET1,OPEN_TIME,CLOSE_TIME,RATING,ORDER_LIMIT,PH_NO,UNAME,PASS,EMAIL,CANTEEN_NAME,FEEDBACK_COUNT) values (25,500,to_timestamp('07-11-17 12:01:45.000000000 AM','DD-MM-RR HH12:MI:SSXFF AM'),to_timestamp('07-11-17 12:01:45.000000000 AM','DD-MM-RR HH12:MI:SSXFF AM'),0,20,919876540010,'vsm','vsm','vsm@gmail.com','VSM Kitchen',0);
Insert into MKD.CANTEEN_MASTER (CANTEEN_ID,WALLET1,OPEN_TIME,CLOSE_TIME,RATING,ORDER_LIMIT,PH_NO,UNAME,PASS,EMAIL,CANTEEN_NAME,FEEDBACK_COUNT) values (26,500,to_timestamp('07-11-17 12:02:36.000000000 AM','DD-MM-RR HH12:MI:SSXFF AM'),to_timestamp('07-11-17 12:02:36.000000000 AM','DD-MM-RR HH12:MI:SSXFF AM'),0,20,918346540010,'sn','sn','sn@gmail.com','SN Kitchen',0);
REM INSERTING into MKD.CANTEEN_NOTIFICATION_MASTER
SET DEFINE OFF;
Insert into MKD.CANTEEN_NOTIFICATION_MASTER (CANTEEN_ID,NOT_DATE,MESSAGE) values (24,to_timestamp('07-11-17 12:00:00.000000000 AM','DD-MM-RR HH12:MI:SSXFF AM'),'Cancellation Request');
Insert into MKD.CANTEEN_NOTIFICATION_MASTER (CANTEEN_ID,NOT_DATE,MESSAGE) values (25,to_timestamp('07-11-17 12:00:00.000000000 AM','DD-MM-RR HH12:MI:SSXFF AM'),'Cancellation Request');
REM INSERTING into MKD.FOOD_MASTER
SET DEFINE OFF;
Insert into MKD.FOOD_MASTER (FOOD_ITEM_ID,NAME) values (27,'Pani Puri');
Insert into MKD.FOOD_MASTER (FOOD_ITEM_ID,NAME) values (28,'Pav Bhaji');
Insert into MKD.FOOD_MASTER (FOOD_ITEM_ID,NAME) values (29,'Pizza');
Insert into MKD.FOOD_MASTER (FOOD_ITEM_ID,NAME) values (30,'Chole Bhature');
Insert into MKD.FOOD_MASTER (FOOD_ITEM_ID,NAME) values (31,'Noodles');
REM INSERTING into MKD.MENU_MASTER
SET DEFINE OFF;
Insert into MKD.MENU_MASTER (CANTEEN_ID,FOOD_ITEM_ID,QTY,RATE) values (24,28,30,50);
Insert into MKD.MENU_MASTER (CANTEEN_ID,FOOD_ITEM_ID,QTY,RATE) values (24,31,40,60);
Insert into MKD.MENU_MASTER (CANTEEN_ID,FOOD_ITEM_ID,QTY,RATE) values (24,27,40,40);
Insert into MKD.MENU_MASTER (CANTEEN_ID,FOOD_ITEM_ID,QTY,RATE) values (25,29,20,100);
Insert into MKD.MENU_MASTER (CANTEEN_ID,FOOD_ITEM_ID,QTY,RATE) values (26,30,30,40);
Insert into MKD.MENU_MASTER (CANTEEN_ID,FOOD_ITEM_ID,QTY,RATE) values (26,31,10,20);
Insert into MKD.MENU_MASTER (CANTEEN_ID,FOOD_ITEM_ID,QTY,RATE) values (25,28,20,35);
Insert into MKD.MENU_MASTER (CANTEEN_ID,FOOD_ITEM_ID,QTY,RATE) values (24,29,10,45);
REM INSERTING into MKD.ORDER_DETAIL
SET DEFINE OFF;
Insert into MKD.ORDER_DETAIL (ORDER_ID,FOOD_ITEM_ID,QTY,RATE) values (55,31,2,20);
Insert into MKD.ORDER_DETAIL (ORDER_ID,FOOD_ITEM_ID,QTY,RATE) values (51,28,1,50);
Insert into MKD.ORDER_DETAIL (ORDER_ID,FOOD_ITEM_ID,QTY,RATE) values (51,31,2,50);
Insert into MKD.ORDER_DETAIL (ORDER_ID,FOOD_ITEM_ID,QTY,RATE) values (52,29,3,45);
Insert into MKD.ORDER_DETAIL (ORDER_ID,FOOD_ITEM_ID,QTY,RATE) values (52,27,2,40);
Insert into MKD.ORDER_DETAIL (ORDER_ID,FOOD_ITEM_ID,QTY,RATE) values (53,29,1,100);
Insert into MKD.ORDER_DETAIL (ORDER_ID,FOOD_ITEM_ID,QTY,RATE) values (54,29,1,100);
Insert into MKD.ORDER_DETAIL (ORDER_ID,FOOD_ITEM_ID,QTY,RATE) values (54,28,1,35);
Insert into MKD.ORDER_DETAIL (ORDER_ID,FOOD_ITEM_ID,QTY,RATE) values (55,30,2,40);
Insert into MKD.ORDER_DETAIL (ORDER_ID,FOOD_ITEM_ID,QTY,RATE) values (55,31,1,20);
REM INSERTING into MKD.ORDER_HEADER
SET DEFINE OFF;
Insert into MKD.ORDER_HEADER (ORDER_ID,STU_ID,CANTEEN_ID,AMOUNT,STATUS,ORDER_DATE) values (51,45,24,170,'placed',to_timestamp('07-11-17 10:24:08.000000000 AM','DD-MM-RR HH12:MI:SSXFF AM'));
Insert into MKD.ORDER_HEADER (ORDER_ID,STU_ID,CANTEEN_ID,AMOUNT,STATUS,ORDER_DATE) values (52,45,24,215,'prepared',to_timestamp('07-11-17 10:27:54.000000000 AM','DD-MM-RR HH12:MI:SSXFF AM'));
Insert into MKD.ORDER_HEADER (ORDER_ID,STU_ID,CANTEEN_ID,AMOUNT,STATUS,ORDER_DATE) values (53,46,25,100,'can_request',to_timestamp('07-11-17 10:30:35.000000000 AM','DD-MM-RR HH12:MI:SSXFF AM'));
Insert into MKD.ORDER_HEADER (ORDER_ID,STU_ID,CANTEEN_ID,AMOUNT,STATUS,ORDER_DATE) values (54,46,25,135,'can_app',to_timestamp('07-11-17 10:41:42.000000000 AM','DD-MM-RR HH12:MI:SSXFF AM'));
Insert into MKD.ORDER_HEADER (ORDER_ID,STU_ID,CANTEEN_ID,AMOUNT,STATUS,ORDER_DATE) values (55,48,26,140,'can_deny',to_timestamp('07-11-17 10:46:03.000000000 AM','DD-MM-RR HH12:MI:SSXFF AM'));
REM INSERTING into MKD.STUDENT_MASTER
SET DEFINE OFF;
Insert into MKD.STUDENT_MASTER (ID,NAME,COLLEGE,UNAME,PASS,WALLET,BDATE,PH_NO,EMAIL) values (45,'Manav Desai','Dharmsinh Desai University','mkd','mkd',400,to_date('18-04-97','DD-MM-RR'),917894562130,'manavdesai1997@gmail.com');
Insert into MKD.STUDENT_MASTER (ID,NAME,COLLEGE,UNAME,PASS,WALLET,BDATE,PH_NO,EMAIL) values (46,'Vidhan Mehta','Dharmsinh Desai University','vsm','vsm',500,to_date('23-09-97','DD-MM-RR'),918894562130,'manavdesai1997@gmail.com');
Insert into MKD.STUDENT_MASTER (ID,NAME,COLLEGE,UNAME,PASS,WALLET,BDATE,PH_NO,EMAIL) values (47,'Abhay Naik','Nirma University','an','an',350,to_date('25-09-97','DD-MM-RR'),918894562130,'an@gmail.com');
Insert into MKD.STUDENT_MASTER (ID,NAME,COLLEGE,UNAME,PASS,WALLET,BDATE,PH_NO,EMAIL) values (48,'Saurabh Nikam','Dharmsinh Desai University','sn','sn',450,to_date('25-10-97','DD-MM-RR'),918894563330,'sn@gmail.com');
REM INSERTING into MKD.STUDENT_NOTIFICATION_MASTER
SET DEFINE OFF;
Insert into MKD.STUDENT_NOTIFICATION_MASTER (STUDENT_ID,NOT_DATE,MESSAGE) values (47,to_timestamp('07-11-17 12:00:00.000000000 AM','DD-MM-RR HH12:MI:SSXFF AM'),'Cancellation Request Approved');
Insert into MKD.STUDENT_NOTIFICATION_MASTER (STUDENT_ID,NOT_DATE,MESSAGE) values (48,to_timestamp('07-11-17 12:00:00.000000000 AM','DD-MM-RR HH12:MI:SSXFF AM'),'Cancellation Request Denied');
Insert into MKD.STUDENT_NOTIFICATION_MASTER (STUDENT_ID,NOT_DATE,MESSAGE) values (45,to_timestamp('07-11-17 12:00:00.000000000 AM','DD-MM-RR HH12:MI:SSXFF AM'),'Order Prepared');
